<?xml version='1.0' encoding='UTF-8'?>
<feor:lotGPR xmlns:feor="http://setra.equipement.gouv.fr/schema/feor/v2.1" xmlns:xs="http://www.w3.org/2001/XMLSchema" xmlns:xsi="http://www.w3.org/2001/XMLSchema-instance" xmlns:meriu="http://setra.equipement.gouv.fr/schema/meriu/v2.1" xmlns:gml="http://www.opengis.net/gml" feor:version="2.1" xsi:schemaLocation="http://setra.equipement.gouv.fr/schema/feor/v2.1 ./catalogue-gpr.xsd">
  <enTete dateDeProduction="2019-06-26" producteurDuLot="ISIDORv2">
    <referentielRoutier modeleEchangeReferentiel="MERIU v2" dateReferentiel="2008-01-01" identificationReferentielRoutier="RRN_PR_2008-01-01 FRANCE M�tropolitaine (Hors Corse) - Version 2009-11-12" numeroVersionReferentiel="2008">
    </referentielRoutier>
    <proprietesGeographique codeEPSG="2154">
    </proprietesGeographique>
  </enTete>
  <contenuDuLot>
    <feor:ws01 feor:id="1">
      <feor:proprietesMetier>
        <corrections>
        </corrections>
        <erreurs>
        </erreurs>
      </feor:proprietesMetier>
      <lateralisation voie="0" cote="I" distance="0">
      </lateralisation>
      <feor:geometrie>
        <points>
          <gml:Point>
            <gml:pos>491800.5327957861 6607086.791062582</gml:pos>
          </gml:Point>
        </points>
      </feor:geometrie>
      <localisationReferentielPonctuelle route="N0010">
        <localisation plo="86PR62D" abs="150.0" ltaAbsc="0.0" cumul="147713.0">
        </localisation>
      </localisationReferentielPonctuelle>
      <localisationGeographiquePonctuelle route="N0010">
        <localisation x="491800.53" y="6607086.79" z="0.0">
        </localisation>
      </localisationGeographiquePonctuelle>
    </feor:ws01>
  </contenuDuLot>
</feor:lotGPR>