<?xml version="1.0" encoding="UTF-8" ?>
<feor:lotGPR xsi:schemaLocation="http://setra.equipement.gouv.fr/schema/feor/v2.1/catalogue-gpr.xsd" feor:version="2.1"
		xmlns:xs="http://www.w3.org/2001/XMLSchema"
		xmlns:feor="http://setra.equipement.gouv.fr/schema/feor/v2.1"
		xmlns:xsi="http://www.w3.org/2001/XMLSchema-instance"
		xmlns:meriu="http://setra.equipement.gouv.fr/schema/meriu/v2.1"
		xmlns:gml="http://www.opengis.net/gml">
	<enTete dateDeProduction="2009-08-28" producteurDuLot="SETRA">
		<referentielRoutier modeleEchangeReferentiel="MERIU v2" dateReferentiel="2008-01-01"/>
		<proprietesGeographique codeEPSG="2154"/>
	</enTete>
	<contenuDuLot>
		<feor:ws01 feor:id="1">
			<feor:proprietesMetier>
				<description>Accident id 1</description>
				<attrTexte></attrTexte>
				<attrLexique></attrLexique>
				<attrEntier>1</attrEntier>
				<attrDecimal></attrDecimal>
				<attrDate></attrDate>
			</feor:proprietesMetier>
			<lateralisation cote="I"/>
			<localisationReferentielPonctuelle route="N0090">
				<localisation plo="73PR52U" abs="0"/>
			</localisationReferentielPonctuelle>
		</feor:ws01>
	</contenuDuLot>
</feor:lotGPR>