<?xml version="1.0" encoding="UTF-8" ?>
<feor:lotGPR xsi:schemaLocation="http://setra.equipement.gouv.fr/schema/feor/v2.1 ./catalogue-gpr.xsd" feor:version="2.1"
		xmlns:xs="http://www.w3.org/2001/XMLSchema"
		xmlns:feor="http://setra.equipement.gouv.fr/schema/feor/v2.1"
		xmlns:xsi="http://www.w3.org/2001/XMLSchema-instance"
		xmlns:meriu="http://setra.equipement.gouv.fr/schema/meriu/v2.1"
		xmlns:gml="http://www.opengis.net/gml">
	<enTete dateDeProduction="2009-09-07" producteurDuLot="SETRA">
		<referentielRoutier modeleEchangeReferentiel="MERIU v2" dateReferentiel="2008-01-01"/>
		<proprietesGeographique codeEPSG="2154"/>
	</enTete>
	<contenuDuLot>

		<feor:ws01 feor:id="1">
			<feor:proprietesMetier>
				<attrTexte>Premier objet</attrTexte>
				<attrLexique>VAL1</attrLexique>
				<attrEntier>12</attrEntier>
				<attrDecimal>-2.75</attrDecimal>
				<attrDate>2008-12-21</attrDate>
			</feor:proprietesMetier>
			<lateralisation cote="G" />
			<localisationGeographiqueLineaire route="N0010">
				<localisationDebut y="6606080.72" x="491575.3" />
				<localisationFin y="6604138.33" x="491293.54" />
			</localisationGeographiqueLineaire>
		</feor:ws01>

	</contenuDuLot>
</feor:lotGPR>
