<?xml version="1.0" encoding="UTF-8" ?>
<feor:lotGPR xsi:schemaLocation="http://setra.equipement.gouv.fr/schema/feor/v2.1 ./catalogue-gpr.xsd" feor:version="2.1"
		xmlns:xs="http://www.w3.org/2001/XMLSchema"
		xmlns:feor="http://setra.equipement.gouv.fr/schema/feor/v2.1"
		xmlns:xsi="http://www.w3.org/2001/XMLSchema-instance"
		xmlns:meriu="http://setra.equipement.gouv.fr/schema/meriu/v2.1"
		xmlns:gml="http://www.opengis.net/gml">
	<enTete dateDeProduction="2009-09-07" producteurDuLot="SETRA">
		<referentielRoutier modeleEchangeReferentiel="MERIU v2" dateReferentiel="2008-01-01"/>
		<proprietesGeographique codeEPSG="2154"/>
	</enTete>
	<contenuDuLot>

		<feor:ws01 feor:id="01"><feor:proprietesMetier><attrTexte>Premier objet</attrTexte><attrLexique>VAL1</attrLexique><attrEntier>12</attrEntier><attrDecimal>-2.75</attrDecimal><attrDate>2008-12-21</attrDate></feor:proprietesMetier><lateralisation cote="D"/><localisationReferentielLineaire route="N0010"><localisationDebut plo="86PR62D" abs="150"/><localisationFin plo="86PR64D" abs="150"/></localisationReferentielLineaire></feor:ws01>
		<feor:ws01 feor:id="02"><feor:proprietesMetier><attrTexte>Premier objet</attrTexte><attrLexique>VAL1</attrLexique><attrEntier>12</attrEntier><attrDecimal>-2.75</attrDecimal><attrDate>2008-12-21</attrDate></feor:proprietesMetier><lateralisation cote="D"/><localisationReferentielLineaire route="N0010"><localisationDebut plo="86PR62D" abs="151"/><localisationFin plo="86PR64D" abs="151"/></localisationReferentielLineaire></feor:ws01>
		<feor:ws01 feor:id="03"><feor:proprietesMetier><attrTexte>Premier objet</attrTexte><attrLexique>VAL1</attrLexique><attrEntier>12</attrEntier><attrDecimal>-2.75</attrDecimal><attrDate>2008-12-21</attrDate></feor:proprietesMetier><lateralisation cote="D"/><localisationReferentielLineaire route="N0010"><localisationDebut plo="86PR62D" abs="152"/><localisationFin plo="86PR64D" abs="152"/></localisationReferentielLineaire></feor:ws01>
		<feor:ws01 feor:id="04"><feor:proprietesMetier><attrTexte>Premier objet</attrTexte><attrLexique>VAL1</attrLexique><attrEntier>12</attrEntier><attrDecimal>-2.75</attrDecimal><attrDate>2008-12-21</attrDate></feor:proprietesMetier><lateralisation cote="D"/><localisationReferentielLineaire route="N0010"><localisationDebut plo="86PR62D" abs="153"/><localisationFin plo="86PR64D" abs="153"/></localisationReferentielLineaire></feor:ws01>
		<feor:ws01 feor:id="05"><feor:proprietesMetier><attrTexte>Premier objet</attrTexte><attrLexique>VAL1</attrLexique><attrEntier>12</attrEntier><attrDecimal>-2.75</attrDecimal><attrDate>2008-12-21</attrDate></feor:proprietesMetier><lateralisation cote="D"/><localisationReferentielLineaire route="N0010"><localisationDebut plo="86PR62D" abs="154"/><localisationFin plo="86PR64D" abs="154"/></localisationReferentielLineaire></feor:ws01>
		<feor:ws01 feor:id="06"><feor:proprietesMetier><attrTexte>Premier objet</attrTexte><attrLexique>VAL1</attrLexique><attrEntier>12</attrEntier><attrDecimal>-2.75</attrDecimal><attrDate>2008-12-21</attrDate></feor:proprietesMetier><lateralisation cote="D"/><localisationReferentielLineaire route="N0010"><localisationDebut plo="86PR62D" abs="155"/><localisationFin plo="86PR64D" abs="155"/></localisationReferentielLineaire></feor:ws01>
		<feor:ws01 feor:id="07"><feor:proprietesMetier><attrTexte>Premier objet</attrTexte><attrLexique>VAL1</attrLexique><attrEntier>12</attrEntier><attrDecimal>-2.75</attrDecimal><attrDate>2008-12-21</attrDate></feor:proprietesMetier><lateralisation cote="D"/><localisationReferentielLineaire route="N0010"><localisationDebut plo="86PR62D" abs="156"/><localisationFin plo="86PR64D" abs="156"/></localisationReferentielLineaire></feor:ws01>
		<feor:ws01 feor:id="08"><feor:proprietesMetier><attrTexte>Premier objet</attrTexte><attrLexique>VAL1</attrLexique><attrEntier>12</attrEntier><attrDecimal>-2.75</attrDecimal><attrDate>2008-12-21</attrDate></feor:proprietesMetier><lateralisation cote="D"/><localisationReferentielLineaire route="N0010"><localisationDebut plo="86PR62D" abs="157"/><localisationFin plo="86PR64D" abs="157"/></localisationReferentielLineaire></feor:ws01>
		<feor:ws01 feor:id="09"><feor:proprietesMetier><attrTexte>Premier objet</attrTexte><attrLexique>VAL1</attrLexique><attrEntier>12</attrEntier><attrDecimal>-2.75</attrDecimal><attrDate>2008-12-21</attrDate></feor:proprietesMetier><lateralisation cote="D"/><localisationReferentielLineaire route="N0010"><localisationDebut plo="86PR62D" abs="158"/><localisationFin plo="86PR64D" abs="158"/></localisationReferentielLineaire></feor:ws01>
		<feor:ws01 feor:id="10"><feor:proprietesMetier><attrTexte>Premier objet</attrTexte><attrLexique>VAL1</attrLexique><attrEntier>12</attrEntier><attrDecimal>-2.75</attrDecimal><attrDate>2008-12-21</attrDate></feor:proprietesMetier><lateralisation cote="D"/><localisationReferentielLineaire route="N0010"><localisationDebut plo="86PR62D" abs="159"/><localisationFin plo="86PR64D" abs="159"/></localisationReferentielLineaire></feor:ws01>

	</contenuDuLot>
</feor:lotGPR>
