<?xml version="1.0" encoding="UTF-8" ?>
<feor:lotGPR xsi:schemaLocation="http://setra.equipement.gouv.fr/schema/feor/v2.1 ./catalogue-gpr.xsd" feor:version="2.1"
		xmlns:xs="http://www.w3.org/2001/XMLSchema"
		xmlns:feor="http://setra.equipement.gouv.fr/schema/feor/v2.1"
		xmlns:xsi="http://www.w3.org/2001/XMLSchema-instance"
		xmlns:meriu="http://setra.equipement.gouv.fr/schema/meriu/v2.1"
		xmlns:gml="http://www.opengis.net/gml">
	<enTete dateDeProduction="2009-09-07" producteurDuLot="SETRA">
		<referentielRoutier modeleEchangeReferentiel="MERIU v2" dateReferentiel="2008-01-01"/>
		<proprietesGeographique codeEPSG="2154"/>
	</enTete>
	<contenuDuLot>

		<feor:ws feor:id="1">
			<feor:proprietesMetier>
				<lot>1</lot>
				<valeur>VAL1</valeur>
			</feor:proprietesMetier>
			<lateralisation cote="I" />
			<localisationReferentielLineaire route="N0010">
				<localisationDebut depPr="86" concessionPr="N" pr="63" abs="150"/>
				<localisationFin depPr="86" concessionPr="N" pr="65" abs="150"/>
			</localisationReferentielLineaire >
		</feor:ws>

	</contenuDuLot>
</feor:lotGPR>
