<?xml version="1.0" encoding="UTF-8" ?><feor:lotGPR xsi:schemaLocation="http://setra.equipement.gouv.fr/schema/feor/v2.1/catalogue-gpr.xsd" feor:version="2.1"	xmlns:xs="http://www.w3.org/2001/XMLSchema"	xmlns:feor="http://setra.equipement.gouv.fr/schema/feor/v2.1"	xmlns:xsi="http://www.w3.org/2001/XMLSchema-instance"	xmlns:meriu="http://setra.equipement.gouv.fr/schema/meriu/v2.1"	xmlns:gml="http://www.opengis.net/gml"><enTete dateDeProduction="2009-08-28" producteurDuLot="SETRA"><referentielRoutier modeleEchangeReferentiel="MERIU v2" dateReferentiel="2008-01-01"/><proprietesGeographique codeEPSG="2154"/></enTete>
<contenuDuLot>
<feor:ws01 feor:id="01"><feor:proprietesMetier><description>Entier OK</description><attrTexte></attrTexte><attrLexique></attrLexique><attrEntier>1</attrEntier><attrDecimal></attrDecimal><attrDate></attrDate></feor:proprietesMetier><lateralisation cote="D"/><localisationReferentielPonctuelle route="N0010"><localisation plo="86PR62D" abs="0"/></localisationReferentielPonctuelle></feor:ws01>
<feor:ws01 feor:id="02"><feor:proprietesMetier><description>Entier OK</description><attrTexte></attrTexte><attrLexique></attrLexique><attrEntier>1</attrEntier><attrDecimal></attrDecimal><attrDate></attrDate></feor:proprietesMetier><lateralisation cote="D"/><localisationReferentielPonctuelle route="N0010"><localisation plo="86PR62D" abs="1"/></localisationReferentielPonctuelle></feor:ws01>
<feor:ws01 feor:id="03"><feor:proprietesMetier><description>Entier OK</description><attrTexte></attrTexte><attrLexique></attrLexique><attrEntier>1</attrEntier><attrDecimal></attrDecimal><attrDate></attrDate></feor:proprietesMetier><lateralisation cote="D"/><localisationReferentielPonctuelle route="N0010"><localisation plo="86PR62D" abs="2"/></localisationReferentielPonctuelle></feor:ws01>
<feor:ws01 feor:id="04"><feor:proprietesMetier><description>Entier OK</description><attrTexte></attrTexte><attrLexique></attrLexique><attrEntier>1</attrEntier><attrDecimal></attrDecimal><attrDate></attrDate></feor:proprietesMetier><lateralisation cote="D"/><localisationReferentielPonctuelle route="N0010"><localisation plo="86PR62D" abs="3"/></localisationReferentielPonctuelle></feor:ws01>
<feor:ws01 feor:id="05"><feor:proprietesMetier><description>Entier OK</description><attrTexte></attrTexte><attrLexique></attrLexique><attrEntier>1</attrEntier><attrDecimal></attrDecimal><attrDate></attrDate></feor:proprietesMetier><lateralisation cote="D"/><localisationReferentielPonctuelle route="N0010"><localisation plo="86PR62D" abs="4"/></localisationReferentielPonctuelle></feor:ws01>
<feor:ws01 feor:id="06"><feor:proprietesMetier><description>Entier OK</description><attrTexte></attrTexte><attrLexique></attrLexique><attrEntier>1</attrEntier><attrDecimal></attrDecimal><attrDate></attrDate></feor:proprietesMetier><lateralisation cote="D"/><localisationReferentielPonctuelle route="N0010"><localisation plo="86PR62D" abs="5"/></localisationReferentielPonctuelle></feor:ws01>
<feor:ws01 feor:id="07"><feor:proprietesMetier><description>Entier OK</description><attrTexte></attrTexte><attrLexique></attrLexique><attrEntier>1</attrEntier><attrDecimal></attrDecimal><attrDate></attrDate></feor:proprietesMetier><lateralisation cote="D"/><localisationReferentielPonctuelle route="N0010"><localisation plo="86PR62D" abs="6"/></localisationReferentielPonctuelle></feor:ws01>
<feor:ws01 feor:id="08"><feor:proprietesMetier><description>Entier OK</description><attrTexte></attrTexte><attrLexique></attrLexique><attrEntier>1</attrEntier><attrDecimal></attrDecimal><attrDate></attrDate></feor:proprietesMetier><lateralisation cote="D"/><localisationReferentielPonctuelle route="N0010"><localisation plo="86PR62D" abs="7"/></localisationReferentielPonctuelle></feor:ws01>
<feor:ws01 feor:id="09"><feor:proprietesMetier><description>Entier OK</description><attrTexte></attrTexte><attrLexique></attrLexique><attrEntier>1</attrEntier><attrDecimal></attrDecimal><attrDate></attrDate></feor:proprietesMetier><lateralisation cote="D"/><localisationReferentielPonctuelle route="N0010"><localisation plo="86PR62D" abs="8"/></localisationReferentielPonctuelle></feor:ws01>
<feor:ws01 feor:id="10"><feor:proprietesMetier><description>Entier OK</description><attrTexte></attrTexte><attrLexique></attrLexique><attrEntier>1</attrEntier><attrDecimal></attrDecimal><attrDate></attrDate></feor:proprietesMetier><lateralisation cote="D"/><localisationReferentielPonctuelle route="N0010"><localisation plo="86PR62D" abs="9"/></localisationReferentielPonctuelle></feor:ws01>
</contenuDuLot>
</feor:lotGPR>